Designator,Mid X,Mid Y,Layer,Rotation
C1,20.6200,-108.9800,Bottom,0
C2,24.1200,-108.4800,Bottom,0
C3,27.1200,-109.4800,Bottom,270
C4,13.1200,-95.4800,Bottom,270
C5,24.1200,-110.4800,Bottom,0
C6,29.1200,-95.4800,Bottom,90
C7,43.7750,-30.6075,Bottom,0
C8,43.4750,-53.2950,Bottom,0
C9,47.3450,-78.4625,Bottom,270
C10,101.8250,-21.3657,Bottom,0
C11,101.7250,-61.5800,Bottom,0
C12,184.8464,-33.3486,Bottom,180
C13,184.1700,-59.9156,Bottom,270
C14,287.2200,-37.9906,Bottom,270
C15,236.7200,-38.0875,Bottom,270
C16,259.4450,-78.2781,Bottom,270
C17,110.9685,-39.4900,Bottom,270
C18,76.1877,-71.5055,Bottom,270
C19,114.3150,-78.1404,Bottom,270
C20,260.5975,-59.9198,Bottom,270
C21,120.6854,-63.4520,Bottom,270
C22,82.4750,-58.8600,Bottom,270
C_SD1,151.8540,-108.9750,Bottom,0
D_N12,29.6200,-113.4800,Bottom,180
D_P12,28.6200,-90.9800,Bottom,180
R1,131.3177,-50.1337,Bottom,270
R2,131.3559,-42.4683,Bottom,270
R3,131.1632,-39.3528,Bottom,270
R4,72.8268,-33.5488,Bottom,0
R5,72.1918,-44.8925,Bottom,0
R6,70.3418,-63.9263,Bottom,270
R7,191.1443,-43.5903,Bottom,0
R8,173.7593,-43.7388,Bottom,270
R9,173.2763,-77.3168,Bottom,270
R10,92.2813,-49.5356,Bottom,0
R11,92.8663,-69.6428,Bottom,0
R12,130.5121,-45.0770,Bottom,0
R13,128.9088,-69.3106,Bottom,0
R14,92.0125,-35.3300,Bottom,0
R15,131.0475,-35.3300,Bottom,270
R16,182.6825,-84.4550,Bottom,0
R17,44.9175,-85.9550,Bottom,0
R18,24.5200,-114.7500,Bottom,0
R19,56.3000,-19.8880,Bottom,270
R20,59.5700,-59.4080,Bottom,0
R21,65.9700,-79.5330,Bottom,0
R22,99.9700,-81.6830,Bottom,0
R23,119.2700,-18.3080,Bottom,0
R24,127.3000,-111.4800,Bottom,270
R25,131.3200,-55.6580,Bottom,270
R26,173.5000,-111.4800,Bottom,270
R27,183.5300,-20.3080,Bottom,270
R28,207.3700,-81.6830,Bottom,0
R29,241.3700,-79.5330,Bottom,0
R30,244.5000,-19.8880,Bottom,270
R31,247.7700,-59.4080,Bottom,0
R32,282.5700,-110.7500,Bottom,0
U_IN1,76.4300,-61.3350,Bottom,0
U_MUX0,41.3000,-24.5625,Bottom,90
U_MUX1,41.3000,-47.2500,Bottom,90
U_MUX2,41.3000,-80.9375,Bottom,0
U_MUX3,281.1750,-40.2656,Bottom,0
U_MUX4,230.6750,-40.5625,Bottom,0
U_MUX5,253.4000,-80.4531,Bottom,0
U_MUX6,104.3000,-27.4107,Bottom,270
U_MUX7,104.2000,-67.6250,Bottom,270
U_MUX8,183.1714,-27.3036,Bottom,90
U_MUX9,178.1250,-62.3906,Bottom,0
U_REG,21.1200,-92.9800,Bottom,270
U_SR1,104.9236,-41.9650,Bottom,0
U_SR2,82.2327,-69.2305,Bottom,180
U_SR3,108.2700,-80.6154,Bottom,0
U_SR4,254.5525,-62.3948,Bottom,0
U_SR5,126.7304,-60.9770,Bottom,180
