run,qspi_sha256,device_fingerprint,family,name,avg_cyc,max_cyc,pct_avg,pct_max,checksum
1,ac234ac7f7540ed5cd0e8b8496b84fca8084a3b2c05cc513aa4dad8ed811fc27,1157cbd949e6c4100daa57d61d85e016d57e733f949f39e9a967add1e5e22dc8,system,empty_callback,2,12,0.00,0.00,ea306fb5
1,ac234ac7f7540ed5cd0e8b8496b84fca8084a3b2c05cc513aa4dad8ed811fc27,1157cbd949e6c4100daa57d61d85e016d57e733f949f39e9a967add1e5e22dc8,system,mod_plane_2x_center,61260,63354,6.38,6.59,61d42d20
1,ac234ac7f7540ed5cd0e8b8496b84fca8084a3b2c05cc513aa4dad8ed811fc27,1157cbd949e6c4100daa57d61d85e016d57e733f949f39e9a967add1e5e22dc8,system,synth_1_voice,55576,56582,5.78,5.89,42bccc87
1,ac234ac7f7540ed5cd0e8b8496b84fca8084a3b2c05cc513aa4dad8ed811fc27,1157cbd949e6c4100daa57d61d85e016d57e733f949f39e9a967add1e5e22dc8,system,synth_2_voices,96020,97604,10.00,10.16,d8de180d
1,ac234ac7f7540ed5cd0e8b8496b84fca8084a3b2c05cc513aa4dad8ed811fc27,1157cbd949e6c4100daa57d61d85e016d57e733f949f39e9a967add1e5e22dc8,system,synth_4_voices,171617,174163,17.87,18.14,e9a1c12b
1,ac234ac7f7540ed5cd0e8b8496b84fca8084a3b2c05cc513aa4dad8ed811fc27,1157cbd949e6c4100daa57d61d85e016d57e733f949f39e9a967add1e5e22dc8,system,synth_2x4,340347,346106,35.45,36.05,7f3f6d8d
1,ac234ac7f7540ed5cd0e8b8496b84fca8084a3b2c05cc513aa4dad8ed811fc27,1157cbd949e6c4100daa57d61d85e016d57e733f949f39e9a967add1e5e22dc8,system,wave_2x4,308497,312180,32.13,32.51,9f319bcf
1,ac234ac7f7540ed5cd0e8b8496b84fca8084a3b2c05cc513aa4dad8ed811fc27,1157cbd949e6c4100daa57d61d85e016d57e733f949f39e9a967add1e5e22dc8,system,fx_none,24430,24477,2.54,2.54,b538ce01
1,ac234ac7f7540ed5cd0e8b8496b84fca8084a3b2c05cc513aa4dad8ed811fc27,1157cbd949e6c4100daa57d61d85e016d57e733f949f39e9a967add1e5e22dc8,system,fx_grit,45686,45773,4.75,4.76,74f9b9f5
1,ac234ac7f7540ed5cd0e8b8496b84fca8084a3b2c05cc513aa4dad8ed811fc27,1157cbd949e6c4100daa57d61d85e016d57e733f949f39e9a967add1e5e22dc8,system,fx_flux_sdram,65876,67703,6.86,7.05,9ca91007
1,ac234ac7f7540ed5cd0e8b8496b84fca8084a3b2c05cc513aa4dad8ed811fc27,1157cbd949e6c4100daa57d61d85e016d57e733f949f39e9a967add1e5e22dc8,system,fx_comp,31554,31654,3.28,3.29,47a4392b
1,ac234ac7f7540ed5cd0e8b8496b84fca8084a3b2c05cc513aa4dad8ed811fc27,1157cbd949e6c4100daa57d61d85e016d57e733f949f39e9a967add1e5e22dc8,system,oliverb_solo_sram,90042,90961,9.37,9.47,f09fa14e
1,ac234ac7f7540ed5cd0e8b8496b84fca8084a3b2c05cc513aa4dad8ed811fc27,1157cbd949e6c4100daa57d61d85e016d57e733f949f39e9a967add1e5e22dc8,system,instrument_init,585082,690591,60.94,71.93,ef6fec21
1,ac234ac7f7540ed5cd0e8b8496b84fca8084a3b2c05cc513aa4dad8ed811fc27,1157cbd949e6c4100daa57d61d85e016d57e733f949f39e9a967add1e5e22dc8,system,instrument_worst,885309,937929,92.21,97.70,50ed0b6a
1,ac234ac7f7540ed5cd0e8b8496b84fca8084a3b2c05cc513aa4dad8ed811fc27,1157cbd949e6c4100daa57d61d85e016d57e733f949f39e9a967add1e5e22dc8,system,instrument_worst_taps,962940,1026479,100.30,106.92,d151005b
1,ac234ac7f7540ed5cd0e8b8496b84fca8084a3b2c05cc513aa4dad8ed811fc27,1157cbd949e6c4100daa57d61d85e016d57e733f949f39e9a967add1e5e22dc8,voice,morph_osc_bare,8139,8483,0.84,0.88,283a1d87
1,ac234ac7f7540ed5cd0e8b8496b84fca8084a3b2c05cc513aa4dad8ed811fc27,1157cbd949e6c4100daa57d61d85e016d57e733f949f39e9a967add1e5e22dc8,voice,modal_voice,360941,361779,37.59,37.68,86f76dcb
1,ac234ac7f7540ed5cd0e8b8496b84fca8084a3b2c05cc513aa4dad8ed811fc27,1157cbd949e6c4100daa57d61d85e016d57e733f949f39e9a967add1e5e22dc8,voice,string_voice,110563,118324,11.51,12.32,183dcd0b
1,ac234ac7f7540ed5cd0e8b8496b84fca8084a3b2c05cc513aa4dad8ed811fc27,1157cbd949e6c4100daa57d61d85e016d57e733f949f39e9a967add1e5e22dc8,voice,resonator,328816,329367,34.25,34.30,ca6f6722
1,ac234ac7f7540ed5cd0e8b8496b84fca8084a3b2c05cc513aa4dad8ed811fc27,1157cbd949e6c4100daa57d61d85e016d57e733f949f39e9a967add1e5e22dc8,voice,formant_osc,17438,17686,1.81,1.84,5a1e5767
1,ac234ac7f7540ed5cd0e8b8496b84fca8084a3b2c05cc513aa4dad8ed811fc27,1157cbd949e6c4100daa57d61d85e016d57e733f949f39e9a967add1e5e22dc8,voice,vosim_osc,54957,55361,5.72,5.76,4f6c0bbb
1,ac234ac7f7540ed5cd0e8b8496b84fca8084a3b2c05cc513aa4dad8ed811fc27,1157cbd949e6c4100daa57d61d85e016d57e733f949f39e9a967add1e5e22dc8,voice,harmonic_osc,28567,29103,2.97,3.03,4deccc28
1,ac234ac7f7540ed5cd0e8b8496b84fca8084a3b2c05cc513aa4dad8ed811fc27,1157cbd949e6c4100daa57d61d85e016d57e733f949f39e9a967add1e5e22dc8,voice,grainlet_osc,38257,39019,3.98,4.06,e6405e79
1,ac234ac7f7540ed5cd0e8b8496b84fca8084a3b2c05cc513aa4dad8ed811fc27,1157cbd949e6c4100daa57d61d85e016d57e733f949f39e9a967add1e5e22dc8,voice,z_osc,59091,59625,6.15,6.21,8fd0220b
1,ac234ac7f7540ed5cd0e8b8496b84fca8084a3b2c05cc513aa4dad8ed811fc27,1157cbd949e6c4100daa57d61d85e016d57e733f949f39e9a967add1e5e22dc8,voice,variable_shape_osc,11103,11720,1.15,1.22,31359d21
1,ac234ac7f7540ed5cd0e8b8496b84fca8084a3b2c05cc513aa4dad8ed811fc27,1157cbd949e6c4100daa57d61d85e016d57e733f949f39e9a967add1e5e22dc8,mem,grain_read_sram,29400,29962,3.06,3.12,de55bd08
1,ac234ac7f7540ed5cd0e8b8496b84fca8084a3b2c05cc513aa4dad8ed811fc27,1157cbd949e6c4100daa57d61d85e016d57e733f949f39e9a967add1e5e22dc8,mem,grain_read_sdram,154438,161431,16.08,16.81,de55bd08
1,ac234ac7f7540ed5cd0e8b8496b84fca8084a3b2c05cc513aa4dad8ed811fc27,1157cbd949e6c4100daa57d61d85e016d57e733f949f39e9a967add1e5e22dc8,mem,oliverb_sdram,116573,126081,12.14,13.13,f09fa14e
1,ac234ac7f7540ed5cd0e8b8496b84fca8084a3b2c05cc513aa4dad8ed811fc27,1157cbd949e6c4100daa57d61d85e016d57e733f949f39e9a967add1e5e22dc8,mem,echo_walk_sram,1500,1621,0.15,0.16,eef5bd05
1,ac234ac7f7540ed5cd0e8b8496b84fca8084a3b2c05cc513aa4dad8ed811fc27,1157cbd949e6c4100daa57d61d85e016d57e733f949f39e9a967add1e5e22dc8,mem,echo_walk_sdram,4941,8004,0.51,0.83,eef5bd05
1,ac234ac7f7540ed5cd0e8b8496b84fca8084a3b2c05cc513aa4dad8ed811fc27,1157cbd949e6c4100daa57d61d85e016d57e733f949f39e9a967add1e5e22dc8,mod,lane_flow_shape00,25193,25581,2.62,2.66,c658da9d
1,ac234ac7f7540ed5cd0e8b8496b84fca8084a3b2c05cc513aa4dad8ed811fc27,1157cbd949e6c4100daa57d61d85e016d57e733f949f39e9a967add1e5e22dc8,mod,lane_flow_shape03,20394,20655,2.12,2.15,b48a421e
1,ac234ac7f7540ed5cd0e8b8496b84fca8084a3b2c05cc513aa4dad8ed811fc27,1157cbd949e6c4100daa57d61d85e016d57e733f949f39e9a967add1e5e22dc8,mod,lane_flow_shape07,19721,19960,2.05,2.07,90b8af63
1,ac234ac7f7540ed5cd0e8b8496b84fca8084a3b2c05cc513aa4dad8ed811fc27,1157cbd949e6c4100daa57d61d85e016d57e733f949f39e9a967add1e5e22dc8,mod,lane_flow_shape10,18474,18723,1.92,1.95,e4a20384
1,ac234ac7f7540ed5cd0e8b8496b84fca8084a3b2c05cc513aa4dad8ed811fc27,1157cbd949e6c4100daa57d61d85e016d57e733f949f39e9a967add1e5e22dc8,mod,lane_step_shape00,28045,29057,2.92,3.02,8291294e
1,ac234ac7f7540ed5cd0e8b8496b84fca8084a3b2c05cc513aa4dad8ed811fc27,1157cbd949e6c4100daa57d61d85e016d57e733f949f39e9a967add1e5e22dc8,mod,super_mod_5lanes,30157,31078,3.14,3.23,87972e50
1,ac234ac7f7540ed5cd0e8b8496b84fca8084a3b2c05cc513aa4dad8ed811fc27,1157cbd949e6c4100daa57d61d85e016d57e733f949f39e9a967add1e5e22dc8,mod,center_tick,4822,4916,0.50,0.51,295f48c7
1,ac234ac7f7540ed5cd0e8b8496b84fca8084a3b2c05cc513aa4dad8ed811fc27,1157cbd949e6c4100daa57d61d85e016d57e733f949f39e9a967add1e5e22dc8,abl,micro_sinf,11217,11289,1.16,1.17,bc112759
1,ac234ac7f7540ed5cd0e8b8496b84fca8084a3b2c05cc513aa4dad8ed811fc27,1157cbd949e6c4100daa57d61d85e016d57e733f949f39e9a967add1e5e22dc8,abl,micro_tanhf,19946,20026,2.07,2.08,a14ff2c5
1,ac234ac7f7540ed5cd0e8b8496b84fca8084a3b2c05cc513aa4dad8ed811fc27,1157cbd949e6c4100daa57d61d85e016d57e733f949f39e9a967add1e5e22dc8,abl,micro_powf,18927,18976,1.97,1.97,ff3de3b5
1,ac234ac7f7540ed5cd0e8b8496b84fca8084a3b2c05cc513aa4dad8ed811fc27,1157cbd949e6c4100daa57d61d85e016d57e733f949f39e9a967add1e5e22dc8,abl,micro_fast_sin,6177,6215,0.64,0.64,63cddd75
1,ac234ac7f7540ed5cd0e8b8496b84fca8084a3b2c05cc513aa4dad8ed811fc27,1157cbd949e6c4100daa57d61d85e016d57e733f949f39e9a967add1e5e22dc8,abl,part_glue_flow,102794,106475,10.70,11.09,ea306fb5
1,ac234ac7f7540ed5cd0e8b8496b84fca8084a3b2c05cc513aa4dad8ed811fc27,1157cbd949e6c4100daa57d61d85e016d57e733f949f39e9a967add1e5e22dc8,abl,inst_worst_noflux,771201,802780,80.33,83.62,0d774444
1,ac234ac7f7540ed5cd0e8b8496b84fca8084a3b2c05cc513aa4dad8ed811fc27,1157cbd949e6c4100daa57d61d85e016d57e733f949f39e9a967add1e5e22dc8,abl,inst_worst_noreverb,777110,830669,80.94,86.52,3cb7b58a
1,ac234ac7f7540ed5cd0e8b8496b84fca8084a3b2c05cc513aa4dad8ed811fc27,1157cbd949e6c4100daa57d61d85e016d57e733f949f39e9a967add1e5e22dc8,abl,inst_worst_nogrit,845194,898909,88.04,93.63,91a561c6
1,ac234ac7f7540ed5cd0e8b8496b84fca8084a3b2c05cc513aa4dad8ed811fc27,1157cbd949e6c4100daa57d61d85e016d57e733f949f39e9a967add1e5e22dc8,abl,inst_worst_choked,870733,943819,90.70,98.31,61923b07
1,ac234ac7f7540ed5cd0e8b8496b84fca8084a3b2c05cc513aa4dad8ed811fc27,1157cbd949e6c4100daa57d61d85e016d57e733f949f39e9a967add1e5e22dc8,abl,limiter_clean,7621,7658,0.79,0.79,c71498e1
1,ac234ac7f7540ed5cd0e8b8496b84fca8084a3b2c05cc513aa4dad8ed811fc27,1157cbd949e6c4100daa57d61d85e016d57e733f949f39e9a967add1e5e22dc8,abl,limiter_driven,22310,22363,2.32,2.32,17e01bb9
1,ac234ac7f7540ed5cd0e8b8496b84fca8084a3b2c05cc513aa4dad8ed811fc27,1157cbd949e6c4100daa57d61d85e016d57e733f949f39e9a967add1e5e22dc8,abl,echo_short_sram,10217,10372,1.06,1.08,9806cc26
1,ac234ac7f7540ed5cd0e8b8496b84fca8084a3b2c05cc513aa4dad8ed811fc27,1157cbd949e6c4100daa57d61d85e016d57e733f949f39e9a967add1e5e22dc8,abl,echo_short_sdram,11983,12771,1.24,1.33,9806cc26
1,ac234ac7f7540ed5cd0e8b8496b84fca8084a3b2c05cc513aa4dad8ed811fc27,1157cbd949e6c4100daa57d61d85e016d57e733f949f39e9a967add1e5e22dc8,abl,grit_drive_solo,14644,14696,1.52,1.53,f57bd5c9
1,ac234ac7f7540ed5cd0e8b8496b84fca8084a3b2c05cc513aa4dad8ed811fc27,1157cbd949e6c4100daa57d61d85e016d57e733f949f39e9a967add1e5e22dc8,abl,grit_reduce_solo,26497,26780,2.76,2.78,5ef36dbb
1,ac234ac7f7540ed5cd0e8b8496b84fca8084a3b2c05cc513aa4dad8ed811fc27,1157cbd949e6c4100daa57d61d85e016d57e733f949f39e9a967add1e5e22dc8,taps,taps_2_opt,33664,34407,3.50,3.58,98f63683
1,ac234ac7f7540ed5cd0e8b8496b84fca8084a3b2c05cc513aa4dad8ed811fc27,1157cbd949e6c4100daa57d61d85e016d57e733f949f39e9a967add1e5e22dc8,taps,tap_read_sdram,20561,22890,2.14,2.38,e8b16665
1,ac234ac7f7540ed5cd0e8b8496b84fca8084a3b2c05cc513aa4dad8ed811fc27,1157cbd949e6c4100daa57d61d85e016d57e733f949f39e9a967add1e5e22dc8,sampler,sampler_flow_typ,100135,133478,10.43,13.90,e79174a5
1,ac234ac7f7540ed5cd0e8b8496b84fca8084a3b2c05cc513aa4dad8ed811fc27,1157cbd949e6c4100daa57d61d85e016d57e733f949f39e9a967add1e5e22dc8,sampler,sampler_flow_worst,169494,202813,17.65,21.12,b2c70b9f
1,ac234ac7f7540ed5cd0e8b8496b84fca8084a3b2c05cc513aa4dad8ed811fc27,1157cbd949e6c4100daa57d61d85e016d57e733f949f39e9a967add1e5e22dc8,sampler,sampler_overdub_worst,202670,238689,21.11,24.86,ddc194f4
1,ac234ac7f7540ed5cd0e8b8496b84fca8084a3b2c05cc513aa4dad8ed811fc27,1157cbd949e6c4100daa57d61d85e016d57e733f949f39e9a967add1e5e22dc8,sampler,sampler_scan_ctrl,171825,204352,17.89,21.28,39cea446
1,ac234ac7f7540ed5cd0e8b8496b84fca8084a3b2c05cc513aa4dad8ed811fc27,1157cbd949e6c4100daa57d61d85e016d57e733f949f39e9a967add1e5e22dc8,sampler,sampler_win_sram,139518,164902,14.53,17.17,93086589
1,ac234ac7f7540ed5cd0e8b8496b84fca8084a3b2c05cc513aa4dad8ed811fc27,1157cbd949e6c4100daa57d61d85e016d57e733f949f39e9a967add1e5e22dc8,sampler,sampler_win_sdram,163415,200899,17.02,20.92,93086589
1,ac234ac7f7540ed5cd0e8b8496b84fca8084a3b2c05cc513aa4dad8ed811fc27,1157cbd949e6c4100daa57d61d85e016d57e733f949f39e9a967add1e5e22dc8,sampler,inst_sampler_worst,847302,1049626,88.26,109.33,d11314f0
1,ac234ac7f7540ed5cd0e8b8496b84fca8084a3b2c05cc513aa4dad8ed811fc27,1157cbd949e6c4100daa57d61d85e016d57e733f949f39e9a967add1e5e22dc8,sampler,sampler_worst_slowspawn,167867,214134,17.48,22.30,f0b3352f
1,ac234ac7f7540ed5cd0e8b8496b84fca8084a3b2c05cc513aa4dad8ed811fc27,1157cbd949e6c4100daa57d61d85e016d57e733f949f39e9a967add1e5e22dc8,sampler,inst_sampler_nomotion,837198,984548,87.20,102.55,21e4b467
1,ac234ac7f7540ed5cd0e8b8496b84fca8084a3b2c05cc513aa4dad8ed811fc27,1157cbd949e6c4100daa57d61d85e016d57e733f949f39e9a967add1e5e22dc8,sampler,inst_sampler_slowspawn,768814,1278766,80.08,133.20,fcacb820
1,ac234ac7f7540ed5cd0e8b8496b84fca8084a3b2c05cc513aa4dad8ed811fc27,1157cbd949e6c4100daa57d61d85e016d57e733f949f39e9a967add1e5e22dc8,sampler,inst_sampler_noflux,724818,859612,75.50,89.54,6365b712
1,ac234ac7f7540ed5cd0e8b8496b84fca8084a3b2c05cc513aa4dad8ed811fc27,1157cbd949e6c4100daa57d61d85e016d57e733f949f39e9a967add1e5e22dc8,sampler,inst_sampler_noreverb,726538,878518,75.68,91.51,45297ddc
1,ac234ac7f7540ed5cd0e8b8496b84fca8084a3b2c05cc513aa4dad8ed811fc27,1157cbd949e6c4100daa57d61d85e016d57e733f949f39e9a967add1e5e22dc8,sampler,inst_sampler_onepart,872905,960246,90.92,100.02,1e3311cd
1,ac234ac7f7540ed5cd0e8b8496b84fca8084a3b2c05cc513aa4dad8ed811fc27,1157cbd949e6c4100daa57d61d85e016d57e733f949f39e9a967add1e5e22dc8,sampler,sampler_worst_nomotion,140851,143407,14.67,14.93,15e0b1a5
2,ac234ac7f7540ed5cd0e8b8496b84fca8084a3b2c05cc513aa4dad8ed811fc27,1157cbd949e6c4100daa57d61d85e016d57e733f949f39e9a967add1e5e22dc8,system,empty_callback,2,12,0.00,0.00,ea306fb5
2,ac234ac7f7540ed5cd0e8b8496b84fca8084a3b2c05cc513aa4dad8ed811fc27,1157cbd949e6c4100daa57d61d85e016d57e733f949f39e9a967add1e5e22dc8,system,mod_plane_2x_center,61260,63374,6.38,6.60,61d42d20
2,ac234ac7f7540ed5cd0e8b8496b84fca8084a3b2c05cc513aa4dad8ed811fc27,1157cbd949e6c4100daa57d61d85e016d57e733f949f39e9a967add1e5e22dc8,system,synth_1_voice,55576,56580,5.78,5.89,42bccc87
2,ac234ac7f7540ed5cd0e8b8496b84fca8084a3b2c05cc513aa4dad8ed811fc27,1157cbd949e6c4100daa57d61d85e016d57e733f949f39e9a967add1e5e22dc8,system,synth_2_voices,96016,97560,10.00,10.16,d8de180d
2,ac234ac7f7540ed5cd0e8b8496b84fca8084a3b2c05cc513aa4dad8ed811fc27,1157cbd949e6c4100daa57d61d85e016d57e733f949f39e9a967add1e5e22dc8,system,synth_4_voices,171617,174169,17.87,18.14,e9a1c12b
2,ac234ac7f7540ed5cd0e8b8496b84fca8084a3b2c05cc513aa4dad8ed811fc27,1157cbd949e6c4100daa57d61d85e016d57e733f949f39e9a967add1e5e22dc8,system,synth_2x4,340342,346105,35.45,36.05,7f3f6d8d
2,ac234ac7f7540ed5cd0e8b8496b84fca8084a3b2c05cc513aa4dad8ed811fc27,1157cbd949e6c4100daa57d61d85e016d57e733f949f39e9a967add1e5e22dc8,system,wave_2x4,308503,311962,32.13,32.49,9f319bcf
2,ac234ac7f7540ed5cd0e8b8496b84fca8084a3b2c05cc513aa4dad8ed811fc27,1157cbd949e6c4100daa57d61d85e016d57e733f949f39e9a967add1e5e22dc8,system,fx_none,24422,24470,2.54,2.54,b538ce01
2,ac234ac7f7540ed5cd0e8b8496b84fca8084a3b2c05cc513aa4dad8ed811fc27,1157cbd949e6c4100daa57d61d85e016d57e733f949f39e9a967add1e5e22dc8,system,fx_grit,45684,45767,4.75,4.76,74f9b9f5
2,ac234ac7f7540ed5cd0e8b8496b84fca8084a3b2c05cc513aa4dad8ed811fc27,1157cbd949e6c4100daa57d61d85e016d57e733f949f39e9a967add1e5e22dc8,system,fx_flux_sdram,65833,67857,6.85,7.06,9ca91007
2,ac234ac7f7540ed5cd0e8b8496b84fca8084a3b2c05cc513aa4dad8ed811fc27,1157cbd949e6c4100daa57d61d85e016d57e733f949f39e9a967add1e5e22dc8,system,fx_comp,31554,31652,3.28,3.29,47a4392b
2,ac234ac7f7540ed5cd0e8b8496b84fca8084a3b2c05cc513aa4dad8ed811fc27,1157cbd949e6c4100daa57d61d85e016d57e733f949f39e9a967add1e5e22dc8,system,oliverb_solo_sram,90038,90950,9.37,9.47,f09fa14e
2,ac234ac7f7540ed5cd0e8b8496b84fca8084a3b2c05cc513aa4dad8ed811fc27,1157cbd949e6c4100daa57d61d85e016d57e733f949f39e9a967add1e5e22dc8,system,instrument_init,585070,690583,60.94,71.93,ef6fec21
2,ac234ac7f7540ed5cd0e8b8496b84fca8084a3b2c05cc513aa4dad8ed811fc27,1157cbd949e6c4100daa57d61d85e016d57e733f949f39e9a967add1e5e22dc8,system,instrument_worst,885274,938071,92.21,97.71,50ed0b6a
2,ac234ac7f7540ed5cd0e8b8496b84fca8084a3b2c05cc513aa4dad8ed811fc27,1157cbd949e6c4100daa57d61d85e016d57e733f949f39e9a967add1e5e22dc8,system,instrument_worst_taps,962890,1027851,100.30,107.06,d151005b
2,ac234ac7f7540ed5cd0e8b8496b84fca8084a3b2c05cc513aa4dad8ed811fc27,1157cbd949e6c4100daa57d61d85e016d57e733f949f39e9a967add1e5e22dc8,voice,morph_osc_bare,8139,8448,0.84,0.88,283a1d87
2,ac234ac7f7540ed5cd0e8b8496b84fca8084a3b2c05cc513aa4dad8ed811fc27,1157cbd949e6c4100daa57d61d85e016d57e733f949f39e9a967add1e5e22dc8,voice,modal_voice,360844,361646,37.58,37.67,86f76dcb
2,ac234ac7f7540ed5cd0e8b8496b84fca8084a3b2c05cc513aa4dad8ed811fc27,1157cbd949e6c4100daa57d61d85e016d57e733f949f39e9a967add1e5e22dc8,voice,string_voice,110612,118362,11.52,12.32,183dcd0b
2,ac234ac7f7540ed5cd0e8b8496b84fca8084a3b2c05cc513aa4dad8ed811fc27,1157cbd949e6c4100daa57d61d85e016d57e733f949f39e9a967add1e5e22dc8,voice,resonator,328816,329368,34.25,34.30,ca6f6722
2,ac234ac7f7540ed5cd0e8b8496b84fca8084a3b2c05cc513aa4dad8ed811fc27,1157cbd949e6c4100daa57d61d85e016d57e733f949f39e9a967add1e5e22dc8,voice,formant_osc,17392,17677,1.81,1.84,5a1e5767
2,ac234ac7f7540ed5cd0e8b8496b84fca8084a3b2c05cc513aa4dad8ed811fc27,1157cbd949e6c4100daa57d61d85e016d57e733f949f39e9a967add1e5e22dc8,voice,vosim_osc,54957,55357,5.72,5.76,4f6c0bbb
2,ac234ac7f7540ed5cd0e8b8496b84fca8084a3b2c05cc513aa4dad8ed811fc27,1157cbd949e6c4100daa57d61d85e016d57e733f949f39e9a967add1e5e22dc8,voice,harmonic_osc,28565,29086,2.97,3.02,4deccc28
2,ac234ac7f7540ed5cd0e8b8496b84fca8084a3b2c05cc513aa4dad8ed811fc27,1157cbd949e6c4100daa57d61d85e016d57e733f949f39e9a967add1e5e22dc8,voice,grainlet_osc,38256,39062,3.98,4.06,e6405e79
2,ac234ac7f7540ed5cd0e8b8496b84fca8084a3b2c05cc513aa4dad8ed811fc27,1157cbd949e6c4100daa57d61d85e016d57e733f949f39e9a967add1e5e22dc8,voice,z_osc,59142,59706,6.16,6.21,8fd0220b
2,ac234ac7f7540ed5cd0e8b8496b84fca8084a3b2c05cc513aa4dad8ed811fc27,1157cbd949e6c4100daa57d61d85e016d57e733f949f39e9a967add1e5e22dc8,voice,variable_shape_osc,11103,11708,1.15,1.21,31359d21
2,ac234ac7f7540ed5cd0e8b8496b84fca8084a3b2c05cc513aa4dad8ed811fc27,1157cbd949e6c4100daa57d61d85e016d57e733f949f39e9a967add1e5e22dc8,mem,grain_read_sram,29404,29921,3.06,3.11,de55bd08
2,ac234ac7f7540ed5cd0e8b8496b84fca8084a3b2c05cc513aa4dad8ed811fc27,1157cbd949e6c4100daa57d61d85e016d57e733f949f39e9a967add1e5e22dc8,mem,grain_read_sdram,154458,162017,16.08,16.87,de55bd08
2,ac234ac7f7540ed5cd0e8b8496b84fca8084a3b2c05cc513aa4dad8ed811fc27,1157cbd949e6c4100daa57d61d85e016d57e733f949f39e9a967add1e5e22dc8,mem,oliverb_sdram,116640,127799,12.15,13.31,f09fa14e
2,ac234ac7f7540ed5cd0e8b8496b84fca8084a3b2c05cc513aa4dad8ed811fc27,1157cbd949e6c4100daa57d61d85e016d57e733f949f39e9a967add1e5e22dc8,mem,echo_walk_sram,1500,1742,0.15,0.18,eef5bd05
2,ac234ac7f7540ed5cd0e8b8496b84fca8084a3b2c05cc513aa4dad8ed811fc27,1157cbd949e6c4100daa57d61d85e016d57e733f949f39e9a967add1e5e22dc8,mem,echo_walk_sdram,4956,8162,0.51,0.85,eef5bd05
2,ac234ac7f7540ed5cd0e8b8496b84fca8084a3b2c05cc513aa4dad8ed811fc27,1157cbd949e6c4100daa57d61d85e016d57e733f949f39e9a967add1e5e22dc8,mod,lane_flow_shape00,25193,25572,2.62,2.66,c658da9d
2,ac234ac7f7540ed5cd0e8b8496b84fca8084a3b2c05cc513aa4dad8ed811fc27,1157cbd949e6c4100daa57d61d85e016d57e733f949f39e9a967add1e5e22dc8,mod,lane_flow_shape03,20395,20666,2.12,2.15,b48a421e
2,ac234ac7f7540ed5cd0e8b8496b84fca8084a3b2c05cc513aa4dad8ed811fc27,1157cbd949e6c4100daa57d61d85e016d57e733f949f39e9a967add1e5e22dc8,mod,lane_flow_shape07,19721,19940,2.05,2.07,90b8af63
2,ac234ac7f7540ed5cd0e8b8496b84fca8084a3b2c05cc513aa4dad8ed811fc27,1157cbd949e6c4100daa57d61d85e016d57e733f949f39e9a967add1e5e22dc8,mod,lane_flow_shape10,18473,18722,1.92,1.95,e4a20384
2,ac234ac7f7540ed5cd0e8b8496b84fca8084a3b2c05cc513aa4dad8ed811fc27,1157cbd949e6c4100daa57d61d85e016d57e733f949f39e9a967add1e5e22dc8,mod,lane_step_shape00,28041,29060,2.92,3.02,8291294e
2,ac234ac7f7540ed5cd0e8b8496b84fca8084a3b2c05cc513aa4dad8ed811fc27,1157cbd949e6c4100daa57d61d85e016d57e733f949f39e9a967add1e5e22dc8,mod,super_mod_5lanes,30160,30863,3.14,3.21,87972e50
2,ac234ac7f7540ed5cd0e8b8496b84fca8084a3b2c05cc513aa4dad8ed811fc27,1157cbd949e6c4100daa57d61d85e016d57e733f949f39e9a967add1e5e22dc8,mod,center_tick,4822,4926,0.50,0.51,295f48c7
2,ac234ac7f7540ed5cd0e8b8496b84fca8084a3b2c05cc513aa4dad8ed811fc27,1157cbd949e6c4100daa57d61d85e016d57e733f949f39e9a967add1e5e22dc8,abl,micro_sinf,11217,11303,1.16,1.17,bc112759
2,ac234ac7f7540ed5cd0e8b8496b84fca8084a3b2c05cc513aa4dad8ed811fc27,1157cbd949e6c4100daa57d61d85e016d57e733f949f39e9a967add1e5e22dc8,abl,micro_tanhf,19952,20019,2.07,2.08,a14ff2c5
2,ac234ac7f7540ed5cd0e8b8496b84fca8084a3b2c05cc513aa4dad8ed811fc27,1157cbd949e6c4100daa57d61d85e016d57e733f949f39e9a967add1e5e22dc8,abl,micro_powf,18927,18974,1.97,1.97,ff3de3b5
2,ac234ac7f7540ed5cd0e8b8496b84fca8084a3b2c05cc513aa4dad8ed811fc27,1157cbd949e6c4100daa57d61d85e016d57e733f949f39e9a967add1e5e22dc8,abl,micro_fast_sin,6177,6215,0.64,0.64,63cddd75
2,ac234ac7f7540ed5cd0e8b8496b84fca8084a3b2c05cc513aa4dad8ed811fc27,1157cbd949e6c4100daa57d61d85e016d57e733f949f39e9a967add1e5e22dc8,abl,part_glue_flow,102807,106419,10.70,11.08,ea306fb5
2,ac234ac7f7540ed5cd0e8b8496b84fca8084a3b2c05cc513aa4dad8ed811fc27,1157cbd949e6c4100daa57d61d85e016d57e733f949f39e9a967add1e5e22dc8,abl,inst_worst_noflux,771211,802525,80.33,83.59,0d774444
2,ac234ac7f7540ed5cd0e8b8496b84fca8084a3b2c05cc513aa4dad8ed811fc27,1157cbd949e6c4100daa57d61d85e016d57e733f949f39e9a967add1e5e22dc8,abl,inst_worst_noreverb,776968,828511,80.93,86.30,3cb7b58a
2,ac234ac7f7540ed5cd0e8b8496b84fca8084a3b2c05cc513aa4dad8ed811fc27,1157cbd949e6c4100daa57d61d85e016d57e733f949f39e9a967add1e5e22dc8,abl,inst_worst_nogrit,845133,902685,88.03,94.02,91a561c6
2,ac234ac7f7540ed5cd0e8b8496b84fca8084a3b2c05cc513aa4dad8ed811fc27,1157cbd949e6c4100daa57d61d85e016d57e733f949f39e9a967add1e5e22dc8,abl,inst_worst_choked,870861,946939,90.71,98.63,61923b07
2,ac234ac7f7540ed5cd0e8b8496b84fca8084a3b2c05cc513aa4dad8ed811fc27,1157cbd949e6c4100daa57d61d85e016d57e733f949f39e9a967add1e5e22dc8,abl,limiter_clean,7621,7658,0.79,0.79,c71498e1
2,ac234ac7f7540ed5cd0e8b8496b84fca8084a3b2c05cc513aa4dad8ed811fc27,1157cbd949e6c4100daa57d61d85e016d57e733f949f39e9a967add1e5e22dc8,abl,limiter_driven,22310,22359,2.32,2.32,17e01bb9
2,ac234ac7f7540ed5cd0e8b8496b84fca8084a3b2c05cc513aa4dad8ed811fc27,1157cbd949e6c4100daa57d61d85e016d57e733f949f39e9a967add1e5e22dc8,abl,echo_short_sram,10217,10342,1.06,1.07,9806cc26
2,ac234ac7f7540ed5cd0e8b8496b84fca8084a3b2c05cc513aa4dad8ed811fc27,1157cbd949e6c4100daa57d61d85e016d57e733f949f39e9a967add1e5e22dc8,abl,echo_short_sdram,12017,12734,1.25,1.32,9806cc26
2,ac234ac7f7540ed5cd0e8b8496b84fca8084a3b2c05cc513aa4dad8ed811fc27,1157cbd949e6c4100daa57d61d85e016d57e733f949f39e9a967add1e5e22dc8,abl,grit_drive_solo,14727,14779,1.53,1.53,f57bd5c9
2,ac234ac7f7540ed5cd0e8b8496b84fca8084a3b2c05cc513aa4dad8ed811fc27,1157cbd949e6c4100daa57d61d85e016d57e733f949f39e9a967add1e5e22dc8,abl,grit_reduce_solo,26867,27187,2.79,2.83,5ef36dbb
2,ac234ac7f7540ed5cd0e8b8496b84fca8084a3b2c05cc513aa4dad8ed811fc27,1157cbd949e6c4100daa57d61d85e016d57e733f949f39e9a967add1e5e22dc8,taps,taps_2_opt,33667,34597,3.50,3.60,98f63683
2,ac234ac7f7540ed5cd0e8b8496b84fca8084a3b2c05cc513aa4dad8ed811fc27,1157cbd949e6c4100daa57d61d85e016d57e733f949f39e9a967add1e5e22dc8,taps,tap_read_sdram,20574,22862,2.14,2.38,e8b16665
2,ac234ac7f7540ed5cd0e8b8496b84fca8084a3b2c05cc513aa4dad8ed811fc27,1157cbd949e6c4100daa57d61d85e016d57e733f949f39e9a967add1e5e22dc8,sampler,sampler_flow_typ,100151,136073,10.43,14.17,e79174a5
2,ac234ac7f7540ed5cd0e8b8496b84fca8084a3b2c05cc513aa4dad8ed811fc27,1157cbd949e6c4100daa57d61d85e016d57e733f949f39e9a967add1e5e22dc8,sampler,sampler_flow_worst,169448,202740,17.65,21.11,b2c70b9f
2,ac234ac7f7540ed5cd0e8b8496b84fca8084a3b2c05cc513aa4dad8ed811fc27,1157cbd949e6c4100daa57d61d85e016d57e733f949f39e9a967add1e5e22dc8,sampler,sampler_overdub_worst,202661,239412,21.11,24.93,ddc194f4
2,ac234ac7f7540ed5cd0e8b8496b84fca8084a3b2c05cc513aa4dad8ed811fc27,1157cbd949e6c4100daa57d61d85e016d57e733f949f39e9a967add1e5e22dc8,sampler,sampler_scan_ctrl,171795,204071,17.89,21.25,39cea446
2,ac234ac7f7540ed5cd0e8b8496b84fca8084a3b2c05cc513aa4dad8ed811fc27,1157cbd949e6c4100daa57d61d85e016d57e733f949f39e9a967add1e5e22dc8,sampler,sampler_win_sram,139523,164942,14.53,17.18,93086589
2,ac234ac7f7540ed5cd0e8b8496b84fca8084a3b2c05cc513aa4dad8ed811fc27,1157cbd949e6c4100daa57d61d85e016d57e733f949f39e9a967add1e5e22dc8,sampler,sampler_win_sdram,163394,200741,17.02,20.91,93086589
2,ac234ac7f7540ed5cd0e8b8496b84fca8084a3b2c05cc513aa4dad8ed811fc27,1157cbd949e6c4100daa57d61d85e016d57e733f949f39e9a967add1e5e22dc8,sampler,inst_sampler_worst,847279,1049464,88.25,109.31,d11314f0
2,ac234ac7f7540ed5cd0e8b8496b84fca8084a3b2c05cc513aa4dad8ed811fc27,1157cbd949e6c4100daa57d61d85e016d57e733f949f39e9a967add1e5e22dc8,sampler,sampler_worst_slowspawn,167926,214270,17.49,22.31,f0b3352f
2,ac234ac7f7540ed5cd0e8b8496b84fca8084a3b2c05cc513aa4dad8ed811fc27,1157cbd949e6c4100daa57d61d85e016d57e733f949f39e9a967add1e5e22dc8,sampler,inst_sampler_nomotion,837294,984802,87.21,102.58,21e4b467
2,ac234ac7f7540ed5cd0e8b8496b84fca8084a3b2c05cc513aa4dad8ed811fc27,1157cbd949e6c4100daa57d61d85e016d57e733f949f39e9a967add1e5e22dc8,sampler,inst_sampler_slowspawn,768683,1282110,80.07,133.55,fcacb820
2,ac234ac7f7540ed5cd0e8b8496b84fca8084a3b2c05cc513aa4dad8ed811fc27,1157cbd949e6c4100daa57d61d85e016d57e733f949f39e9a967add1e5e22dc8,sampler,inst_sampler_noflux,724805,860304,75.50,89.61,6365b712
2,ac234ac7f7540ed5cd0e8b8496b84fca8084a3b2c05cc513aa4dad8ed811fc27,1157cbd949e6c4100daa57d61d85e016d57e733f949f39e9a967add1e5e22dc8,sampler,inst_sampler_noreverb,726483,876708,75.67,91.32,45297ddc
2,ac234ac7f7540ed5cd0e8b8496b84fca8084a3b2c05cc513aa4dad8ed811fc27,1157cbd949e6c4100daa57d61d85e016d57e733f949f39e9a967add1e5e22dc8,sampler,inst_sampler_onepart,872787,963908,90.91,100.40,1e3311cd
2,ac234ac7f7540ed5cd0e8b8496b84fca8084a3b2c05cc513aa4dad8ed811fc27,1157cbd949e6c4100daa57d61d85e016d57e733f949f39e9a967add1e5e22dc8,sampler,sampler_worst_nomotion,140862,143054,14.67,14.90,15e0b1a5
