run,profile,qspi_sha256,device_fingerprint,family,name,avg_cyc,max_cyc,pct_avg,pct_max,checksum
1,ablate,ac234ac7f7540ed5cd0e8b8496b84fca8084a3b2c05cc513aa4dad8ed811fc27,1157cbd949e6c4100daa57d61d85e016d57e733f949f39e9a967add1e5e22dc8,system,empty_callback,2,11,0.00,0.00,ea306fb5
1,ablate,ac234ac7f7540ed5cd0e8b8496b84fca8084a3b2c05cc513aa4dad8ed811fc27,1157cbd949e6c4100daa57d61d85e016d57e733f949f39e9a967add1e5e22dc8,system,mod_plane_2x_center,69110,71600,7.19,7.45,61d42d20
1,ablate,ac234ac7f7540ed5cd0e8b8496b84fca8084a3b2c05cc513aa4dad8ed811fc27,1157cbd949e6c4100daa57d61d85e016d57e733f949f39e9a967add1e5e22dc8,system,synth_1_voice,53328,54228,5.55,5.64,1816acc1
1,ablate,ac234ac7f7540ed5cd0e8b8496b84fca8084a3b2c05cc513aa4dad8ed811fc27,1157cbd949e6c4100daa57d61d85e016d57e733f949f39e9a967add1e5e22dc8,system,synth_2_voices,93407,95184,9.72,9.91,4dc805b7
1,ablate,ac234ac7f7540ed5cd0e8b8496b84fca8084a3b2c05cc513aa4dad8ed811fc27,1157cbd949e6c4100daa57d61d85e016d57e733f949f39e9a967add1e5e22dc8,system,synth_4_voices,168980,171376,17.60,17.85,2292dae2
1,ablate,ac234ac7f7540ed5cd0e8b8496b84fca8084a3b2c05cc513aa4dad8ed811fc27,1157cbd949e6c4100daa57d61d85e016d57e733f949f39e9a967add1e5e22dc8,system,synth_2x4,338827,343857,35.29,35.81,0d15b5eb
1,ablate,ac234ac7f7540ed5cd0e8b8496b84fca8084a3b2c05cc513aa4dad8ed811fc27,1157cbd949e6c4100daa57d61d85e016d57e733f949f39e9a967add1e5e22dc8,system,wave_2x4,307762,311048,32.05,32.40,6f28f4ea
1,ablate,ac234ac7f7540ed5cd0e8b8496b84fca8084a3b2c05cc513aa4dad8ed811fc27,1157cbd949e6c4100daa57d61d85e016d57e733f949f39e9a967add1e5e22dc8,system,fx_none,24413,24450,2.54,2.54,b538ce01
1,ablate,ac234ac7f7540ed5cd0e8b8496b84fca8084a3b2c05cc513aa4dad8ed811fc27,1157cbd949e6c4100daa57d61d85e016d57e733f949f39e9a967add1e5e22dc8,system,fx_grit,56710,57197,5.90,5.95,74f9b9f5
1,ablate,ac234ac7f7540ed5cd0e8b8496b84fca8084a3b2c05cc513aa4dad8ed811fc27,1157cbd949e6c4100daa57d61d85e016d57e733f949f39e9a967add1e5e22dc8,system,fx_flux_sdram,126468,127411,13.17,13.27,5b9094c3
1,ablate,ac234ac7f7540ed5cd0e8b8496b84fca8084a3b2c05cc513aa4dad8ed811fc27,1157cbd949e6c4100daa57d61d85e016d57e733f949f39e9a967add1e5e22dc8,system,fx_comp,31254,31311,3.25,3.26,47a4392b
1,ablate,ac234ac7f7540ed5cd0e8b8496b84fca8084a3b2c05cc513aa4dad8ed811fc27,1157cbd949e6c4100daa57d61d85e016d57e733f949f39e9a967add1e5e22dc8,system,oliverb_solo_sram,90079,90957,9.38,9.47,f09fa14e
1,ablate,ac234ac7f7540ed5cd0e8b8496b84fca8084a3b2c05cc513aa4dad8ed811fc27,1157cbd949e6c4100daa57d61d85e016d57e733f949f39e9a967add1e5e22dc8,system,instrument_init,590044,697580,61.46,72.66,2b52554a
1,ablate,ac234ac7f7540ed5cd0e8b8496b84fca8084a3b2c05cc513aa4dad8ed811fc27,1157cbd949e6c4100daa57d61d85e016d57e733f949f39e9a967add1e5e22dc8,system,instrument_worst,978711,1015120,101.94,105.74,4c4a29ce
1,ablate,ac234ac7f7540ed5cd0e8b8496b84fca8084a3b2c05cc513aa4dad8ed811fc27,1157cbd949e6c4100daa57d61d85e016d57e733f949f39e9a967add1e5e22dc8,system,instrument_worst_bbd,1011533,1050954,105.36,109.47,483e8e82
1,ablate,ac234ac7f7540ed5cd0e8b8496b84fca8084a3b2c05cc513aa4dad8ed811fc27,1157cbd949e6c4100daa57d61d85e016d57e733f949f39e9a967add1e5e22dc8,instr,instr_part_1,405334,425212,42.22,44.29,0a0be1b0
1,ablate,ac234ac7f7540ed5cd0e8b8496b84fca8084a3b2c05cc513aa4dad8ed811fc27,1157cbd949e6c4100daa57d61d85e016d57e733f949f39e9a967add1e5e22dc8,instr,instr_part_2,835666,873724,87.04,91.01,0604adaf
1,ablate,ac234ac7f7540ed5cd0e8b8496b84fca8084a3b2c05cc513aa4dad8ed811fc27,1157cbd949e6c4100daa57d61d85e016d57e733f949f39e9a967add1e5e22dc8,instr,instr_noverb,866388,906888,90.24,94.46,ac73d2a0
1,ablate,ac234ac7f7540ed5cd0e8b8496b84fca8084a3b2c05cc513aa4dad8ed811fc27,1157cbd949e6c4100daa57d61d85e016d57e733f949f39e9a967add1e5e22dc8,instr,deck_mod_hot,33997,36441,3.54,3.79,3a1002cf
1,ablate,ac234ac7f7540ed5cd0e8b8496b84fca8084a3b2c05cc513aa4dad8ed811fc27,1157cbd949e6c4100daa57d61d85e016d57e733f949f39e9a967add1e5e22dc8,instr,deck_engine_hot,172254,178431,17.94,18.58,f682ef98
1,ablate,ac234ac7f7540ed5cd0e8b8496b84fca8084a3b2c05cc513aa4dad8ed811fc27,1157cbd949e6c4100daa57d61d85e016d57e733f949f39e9a967add1e5e22dc8,instr,fx_flux_hot,142744,143293,14.86,14.92,7c9e4d14
1,ablate,ac234ac7f7540ed5cd0e8b8496b84fca8084a3b2c05cc513aa4dad8ed811fc27,1157cbd949e6c4100daa57d61d85e016d57e733f949f39e9a967add1e5e22dc8,instr,tone_solo,19710,20312,2.05,2.11,68a83b17
1,ablate,ac234ac7f7540ed5cd0e8b8496b84fca8084a3b2c05cc513aa4dad8ed811fc27,1157cbd949e6c4100daa57d61d85e016d57e733f949f39e9a967add1e5e22dc8,instr,deck_shell,104529,121074,10.88,12.61,e06bb0f5
2,ablate,ac234ac7f7540ed5cd0e8b8496b84fca8084a3b2c05cc513aa4dad8ed811fc27,1157cbd949e6c4100daa57d61d85e016d57e733f949f39e9a967add1e5e22dc8,system,empty_callback,2,11,0.00,0.00,ea306fb5
2,ablate,ac234ac7f7540ed5cd0e8b8496b84fca8084a3b2c05cc513aa4dad8ed811fc27,1157cbd949e6c4100daa57d61d85e016d57e733f949f39e9a967add1e5e22dc8,system,mod_plane_2x_center,69485,73040,7.23,7.60,61d42d20
2,ablate,ac234ac7f7540ed5cd0e8b8496b84fca8084a3b2c05cc513aa4dad8ed811fc27,1157cbd949e6c4100daa57d61d85e016d57e733f949f39e9a967add1e5e22dc8,system,synth_1_voice,53331,54209,5.55,5.64,1816acc1
2,ablate,ac234ac7f7540ed5cd0e8b8496b84fca8084a3b2c05cc513aa4dad8ed811fc27,1157cbd949e6c4100daa57d61d85e016d57e733f949f39e9a967add1e5e22dc8,system,synth_2_voices,93405,95183,9.72,9.91,4dc805b7
2,ablate,ac234ac7f7540ed5cd0e8b8496b84fca8084a3b2c05cc513aa4dad8ed811fc27,1157cbd949e6c4100daa57d61d85e016d57e733f949f39e9a967add1e5e22dc8,system,synth_4_voices,168979,171326,17.60,17.84,2292dae2
2,ablate,ac234ac7f7540ed5cd0e8b8496b84fca8084a3b2c05cc513aa4dad8ed811fc27,1157cbd949e6c4100daa57d61d85e016d57e733f949f39e9a967add1e5e22dc8,system,synth_2x4,338819,343864,35.29,35.81,0d15b5eb
2,ablate,ac234ac7f7540ed5cd0e8b8496b84fca8084a3b2c05cc513aa4dad8ed811fc27,1157cbd949e6c4100daa57d61d85e016d57e733f949f39e9a967add1e5e22dc8,system,wave_2x4,307814,310738,32.06,32.36,6f28f4ea
2,ablate,ac234ac7f7540ed5cd0e8b8496b84fca8084a3b2c05cc513aa4dad8ed811fc27,1157cbd949e6c4100daa57d61d85e016d57e733f949f39e9a967add1e5e22dc8,system,fx_none,24413,24451,2.54,2.54,b538ce01
2,ablate,ac234ac7f7540ed5cd0e8b8496b84fca8084a3b2c05cc513aa4dad8ed811fc27,1157cbd949e6c4100daa57d61d85e016d57e733f949f39e9a967add1e5e22dc8,system,fx_grit,56531,56878,5.88,5.92,74f9b9f5
2,ablate,ac234ac7f7540ed5cd0e8b8496b84fca8084a3b2c05cc513aa4dad8ed811fc27,1157cbd949e6c4100daa57d61d85e016d57e733f949f39e9a967add1e5e22dc8,system,fx_flux_sdram,126517,127653,13.17,13.29,5b9094c3
2,ablate,ac234ac7f7540ed5cd0e8b8496b84fca8084a3b2c05cc513aa4dad8ed811fc27,1157cbd949e6c4100daa57d61d85e016d57e733f949f39e9a967add1e5e22dc8,system,fx_comp,31254,31325,3.25,3.26,47a4392b
2,ablate,ac234ac7f7540ed5cd0e8b8496b84fca8084a3b2c05cc513aa4dad8ed811fc27,1157cbd949e6c4100daa57d61d85e016d57e733f949f39e9a967add1e5e22dc8,system,oliverb_solo_sram,90086,91114,9.38,9.49,f09fa14e
2,ablate,ac234ac7f7540ed5cd0e8b8496b84fca8084a3b2c05cc513aa4dad8ed811fc27,1157cbd949e6c4100daa57d61d85e016d57e733f949f39e9a967add1e5e22dc8,system,instrument_init,589974,697890,61.45,72.69,2b52554a
2,ablate,ac234ac7f7540ed5cd0e8b8496b84fca8084a3b2c05cc513aa4dad8ed811fc27,1157cbd949e6c4100daa57d61d85e016d57e733f949f39e9a967add1e5e22dc8,system,instrument_worst,978681,1015304,101.94,105.76,4c4a29ce
2,ablate,ac234ac7f7540ed5cd0e8b8496b84fca8084a3b2c05cc513aa4dad8ed811fc27,1157cbd949e6c4100daa57d61d85e016d57e733f949f39e9a967add1e5e22dc8,system,instrument_worst_bbd,1011514,1049512,105.36,109.32,483e8e82
2,ablate,ac234ac7f7540ed5cd0e8b8496b84fca8084a3b2c05cc513aa4dad8ed811fc27,1157cbd949e6c4100daa57d61d85e016d57e733f949f39e9a967add1e5e22dc8,instr,instr_part_1,405366,425854,42.22,44.35,0a0be1b0
2,ablate,ac234ac7f7540ed5cd0e8b8496b84fca8084a3b2c05cc513aa4dad8ed811fc27,1157cbd949e6c4100daa57d61d85e016d57e733f949f39e9a967add1e5e22dc8,instr,instr_part_2,835659,873564,87.04,90.99,0604adaf
2,ablate,ac234ac7f7540ed5cd0e8b8496b84fca8084a3b2c05cc513aa4dad8ed811fc27,1157cbd949e6c4100daa57d61d85e016d57e733f949f39e9a967add1e5e22dc8,instr,instr_noverb,866301,905818,90.23,94.35,ac73d2a0
2,ablate,ac234ac7f7540ed5cd0e8b8496b84fca8084a3b2c05cc513aa4dad8ed811fc27,1157cbd949e6c4100daa57d61d85e016d57e733f949f39e9a967add1e5e22dc8,instr,deck_mod_hot,34044,36448,3.54,3.79,3a1002cf
2,ablate,ac234ac7f7540ed5cd0e8b8496b84fca8084a3b2c05cc513aa4dad8ed811fc27,1157cbd949e6c4100daa57d61d85e016d57e733f949f39e9a967add1e5e22dc8,instr,deck_engine_hot,172253,178459,17.94,18.58,f682ef98
2,ablate,ac234ac7f7540ed5cd0e8b8496b84fca8084a3b2c05cc513aa4dad8ed811fc27,1157cbd949e6c4100daa57d61d85e016d57e733f949f39e9a967add1e5e22dc8,instr,fx_flux_hot,142748,143239,14.86,14.92,7c9e4d14
2,ablate,ac234ac7f7540ed5cd0e8b8496b84fca8084a3b2c05cc513aa4dad8ed811fc27,1157cbd949e6c4100daa57d61d85e016d57e733f949f39e9a967add1e5e22dc8,instr,tone_solo,19710,20312,2.05,2.11,68a83b17
2,ablate,ac234ac7f7540ed5cd0e8b8496b84fca8084a3b2c05cc513aa4dad8ed811fc27,1157cbd949e6c4100daa57d61d85e016d57e733f949f39e9a967add1e5e22dc8,instr,deck_shell,104713,121260,10.90,12.63,e06bb0f5
