scope,case,key,value
cfg,,adc_khz,6146
cfg,,repeats,64
cfg,,grid_ns,200
cfg,,points,65
cfg,,park_ns,20000
cfg,,scan_settle_ns,2000000
cfg,,rv4,0
cfg,,git,80e94db+
rate,,block_size,96
rate,,sr_hz,48000
rate,,cases,58
rate,,victims,5
clk,,span_short_cyc,2312
clk,,span_long_cyc,31286
clk,,smp_short_tenths,165
clk,,smp_long_tenths,3875
cal,,lat_mean_ns,699
cal,,lat_min_ns,640
cal,,lat_max_ns,706
cal,,b0,7
cal,,timeouts,0
span,,zero,0
span,,rail,65532
span,,hi_spread,0
span,,lo_spread,0
span,,lost,0
span,,n_min,64
span,,valid,1
span,,span_format,task7-exclusion
gates,,g2,1
gates,,g4,1
gates,,g5,1
gates,,g6,0
gates,,init_ok,1
gates,,cal_ok,1
gates,,cfg_ok,1
gates,,gates_ok,0
g5,0,victim_group,0
g5,0,victim_ch,8
g5,0,expect,2
g5,0,mean,32500
g5,0,ok,1
g5,1,victim_group,1
g5,1,victim_ch,6
g5,1,expect,2
g5,1,mean,32583
g5,1,ok,1
g5,2,victim_group,0
g5,2,victim_ch,9
g5,2,expect,2
g5,2,mean,32756
g5,2,ok,1
g5,3,victim_group,0
g5,3,victim_ch,10
g5,3,expect,0
g5,3,mean,0
g5,3,ok,1
g5,4,victim_group,1
g5,4,victim_ch,3
g5,4,expect,0
g5,4,mean,0
g5,4,ok,1
g6,0,victim_group,0
g6,0,victim_ch,8
g6,0,r_src,5150
g6,0,expect,2
g6,0,silent_case,0
g6,0,control_case,5
g6,0,points_compared,65
g6,0,min_points_required,33
g6,0,fw_pairs,65
g6,0,fw_worst,10
g6,0,fw_compared,1
g6,0,fw_pairs_agree,1
g6,0,worst_control_delta,10
g6,0,worst_d_ns,2800
g6,0,within_bound,0
g6,0,agrees_with_g6,1
g6,1,victim_group,1
g6,1,victim_ch,6
g6,1,r_src,5150
g6,1,expect,2
g6,1,silent_case,1
g6,1,control_case,6
g6,1,points_compared,65
g6,1,min_points_required,33
g6,1,fw_pairs,65
g6,1,fw_worst,12
g6,1,fw_compared,1
g6,1,fw_pairs_agree,1
g6,1,worst_control_delta,12
g6,1,worst_d_ns,2600
g6,1,within_bound,0
g6,1,agrees_with_g6,1
g6,2,victim_group,0
g6,2,victim_ch,9
g6,2,r_src,650
g6,2,expect,2
g6,2,silent_case,2
g6,2,control_case,7
g6,2,points_compared,65
g6,2,min_points_required,33
g6,2,fw_pairs,65
g6,2,fw_worst,10
g6,2,fw_compared,1
g6,2,fw_pairs_agree,1
g6,2,worst_control_delta,10
g6,2,worst_d_ns,1400
g6,2,within_bound,0
g6,2,agrees_with_g6,1
g6,3,victim_group,0
g6,3,victim_ch,10
g6,3,r_src,150
g6,3,expect,0
g6,3,silent_case,3
g6,3,control_case,8
g6,3,points_compared,65
g6,3,min_points_required,33
g6,3,fw_pairs,65
g6,3,fw_worst,1
g6,3,fw_compared,1
g6,3,fw_pairs_agree,1
g6,3,worst_control_delta,1
g6,3,worst_d_ns,3200
g6,3,within_bound,1
g6,3,agrees_with_g6,1
g6,4,victim_group,1
g6,4,victim_ch,3
g6,4,r_src,150
g6,4,expect,0
g6,4,silent_case,4
g6,4,control_case,9
g6,4,points_compared,65
g6,4,min_points_required,33
g6,4,fw_pairs,65
g6,4,fw_worst,0
g6,4,fw_compared,1
g6,4,fw_pairs_agree,1
g6,4,worst_control_delta,0
g6,4,worst_d_ns,0
g6,4,within_bound,1
g6,4,agrees_with_g6,1
case,0,row,1
case,0,kind,0
case,0,victim_group,0
case,0,victim_ch,8
case,0,r_src,5150
case,0,word_a,40
case,0,word_b,40
case,0,skipped,0
case,1,row,1
case,1,kind,0
case,1,victim_group,1
case,1,victim_ch,6
case,1,r_src,5150
case,1,word_a,22
case,1,word_b,22
case,1,skipped,0
case,2,row,1
case,2,kind,0
case,2,victim_group,0
case,2,victim_ch,9
case,2,r_src,650
case,2,word_a,41
case,2,word_b,41
case,2,skipped,0
case,3,row,1
case,3,kind,0
case,3,victim_group,0
case,3,victim_ch,10
case,3,r_src,150
case,3,word_a,42
case,3,word_b,42
case,3,skipped,0
case,4,row,1
case,4,kind,0
case,4,victim_group,1
case,4,victim_ch,3
case,4,r_src,150
case,4,word_a,19
case,4,word_b,19
case,4,skipped,0
case,5,row,2
case,5,kind,1
case,5,victim_group,0
case,5,victim_ch,8
case,5,r_src,5150
case,5,word_a,40
case,5,word_b,40
case,5,skipped,0
case,6,row,2
case,6,kind,1
case,6,victim_group,1
case,6,victim_ch,6
case,6,r_src,5150
case,6,word_a,22
case,6,word_b,22
case,6,skipped,0
case,7,row,2
case,7,kind,1
case,7,victim_group,0
case,7,victim_ch,9
case,7,r_src,650
case,7,word_a,41
case,7,word_b,41
case,7,skipped,0
case,8,row,2
case,8,kind,1
case,8,victim_group,0
case,8,victim_ch,10
case,8,r_src,150
case,8,word_a,42
case,8,word_b,42
case,8,skipped,0
case,9,row,2
case,9,kind,1
case,9,victim_group,1
case,9,victim_ch,3
case,9,r_src,150
case,9,word_a,19
case,9,word_b,19
case,9,skipped,0
case,10,row,3
case,10,kind,1
case,10,victim_group,0
case,10,victim_ch,8
case,10,r_src,5150
case,10,word_a,8
case,10,word_b,40
case,10,skipped,0
case,11,row,3
case,11,kind,1
case,11,victim_group,0
case,11,victim_ch,8
case,11,r_src,5150
case,11,word_a,40
case,11,word_b,8
case,11,skipped,0
case,12,row,3
case,12,kind,1
case,12,victim_group,0
case,12,victim_ch,9
case,12,r_src,650
case,12,word_a,9
case,12,word_b,41
case,12,skipped,0
case,13,row,3
case,13,kind,1
case,13,victim_group,0
case,13,victim_ch,9
case,13,r_src,650
case,13,word_a,41
case,13,word_b,9
case,13,skipped,0
case,14,row,3
case,14,kind,1
case,14,victim_group,0
case,14,victim_ch,10
case,14,r_src,150
case,14,word_a,10
case,14,word_b,42
case,14,skipped,0
case,15,row,3
case,15,kind,1
case,15,victim_group,0
case,15,victim_ch,10
case,15,r_src,150
case,15,word_a,42
case,15,word_b,10
case,15,skipped,0
case,16,row,4
case,16,kind,1
case,16,victim_group,1
case,16,victim_ch,6
case,16,r_src,5150
case,16,word_a,6
case,16,word_b,22
case,16,skipped,0
case,17,row,4
case,17,kind,1
case,17,victim_group,1
case,17,victim_ch,6
case,17,r_src,5150
case,17,word_a,22
case,17,word_b,6
case,17,skipped,0
case,18,row,4
case,18,kind,1
case,18,victim_group,1
case,18,victim_ch,3
case,18,r_src,150
case,18,word_a,3
case,18,word_b,19
case,18,skipped,0
case,19,row,4
case,19,kind,1
case,19,victim_group,1
case,19,victim_ch,3
case,19,r_src,150
case,19,word_a,19
case,19,word_b,3
case,19,skipped,0
case,20,row,5
case,20,kind,1
case,20,victim_group,1
case,20,victim_ch,6
case,20,r_src,5150
case,20,word_a,22
case,20,word_b,30
case,20,skipped,0
case,21,row,5
case,21,kind,1
case,21,victim_group,1
case,21,victim_ch,6
case,21,r_src,5150
case,21,word_a,30
case,21,word_b,22
case,21,skipped,0
case,22,row,5
case,22,kind,1
case,22,victim_group,1
case,22,victim_ch,3
case,22,r_src,150
case,22,word_a,19
case,22,word_b,27
case,22,skipped,0
case,23,row,5
case,23,kind,1
case,23,victim_group,1
case,23,victim_ch,3
case,23,r_src,150
case,23,word_a,27
case,23,word_b,19
case,23,skipped,0
case,24,row,6
case,24,kind,1
case,24,victim_group,1
case,24,victim_ch,6
case,24,r_src,5150
case,24,word_a,6
case,24,word_b,14
case,24,skipped,1
case,25,row,6
case,25,kind,1
case,25,victim_group,1
case,25,victim_ch,6
case,25,r_src,5150
case,25,word_a,14
case,25,word_b,6
case,25,skipped,1
case,26,row,6
case,26,kind,1
case,26,victim_group,1
case,26,victim_ch,3
case,26,r_src,150
case,26,word_a,3
case,26,word_b,11
case,26,skipped,1
case,27,row,6
case,27,kind,1
case,27,victim_group,1
case,27,victim_ch,3
case,27,r_src,150
case,27,word_a,11
case,27,word_b,3
case,27,skipped,1
case,28,row,7
case,28,kind,1
case,28,victim_group,0
case,28,victim_ch,8
case,28,r_src,5150
case,28,word_a,40
case,28,word_b,16360
case,28,skipped,0
case,29,row,7
case,29,kind,1
case,29,victim_group,0
case,29,victim_ch,8
case,29,r_src,5150
case,29,word_a,16360
case,29,word_b,40
case,29,skipped,0
case,30,row,7
case,30,kind,1
case,30,victim_group,1
case,30,victim_ch,6
case,30,r_src,5150
case,30,word_a,22
case,30,word_b,16342
case,30,skipped,0
case,31,row,7
case,31,kind,1
case,31,victim_group,1
case,31,victim_ch,6
case,31,r_src,5150
case,31,word_a,16342
case,31,word_b,22
case,31,skipped,0
case,32,row,7
case,32,kind,1
case,32,victim_group,0
case,32,victim_ch,9
case,32,r_src,650
case,32,word_a,41
case,32,word_b,16361
case,32,skipped,0
case,33,row,7
case,33,kind,1
case,33,victim_group,0
case,33,victim_ch,9
case,33,r_src,650
case,33,word_a,16361
case,33,word_b,41
case,33,skipped,0
case,34,row,7
case,34,kind,1
case,34,victim_group,0
case,34,victim_ch,10
case,34,r_src,150
case,34,word_a,42
case,34,word_b,16362
case,34,skipped,0
case,35,row,7
case,35,kind,1
case,35,victim_group,0
case,35,victim_ch,10
case,35,r_src,150
case,35,word_a,16362
case,35,word_b,42
case,35,skipped,0
case,36,row,7
case,36,kind,1
case,36,victim_group,1
case,36,victim_ch,3
case,36,r_src,150
case,36,word_a,19
case,36,word_b,16339
case,36,skipped,0
case,37,row,7
case,37,kind,1
case,37,victim_group,1
case,37,victim_ch,3
case,37,r_src,150
case,37,word_a,16339
case,37,word_b,19
case,37,skipped,0
case,38,row,8
case,38,kind,3
case,38,victim_group,0
case,38,victim_ch,8
case,38,r_src,5150
case,38,word_a,40
case,38,word_b,40
case,38,skipped,0
case,39,row,8
case,39,kind,3
case,39,victim_group,0
case,39,victim_ch,8
case,39,r_src,5150
case,39,word_a,16360
case,39,word_b,16360
case,39,skipped,0
case,40,row,8
case,40,kind,3
case,40,victim_group,1
case,40,victim_ch,6
case,40,r_src,5150
case,40,word_a,22
case,40,word_b,22
case,40,skipped,0
case,41,row,8
case,41,kind,3
case,41,victim_group,1
case,41,victim_ch,6
case,41,r_src,5150
case,41,word_a,16342
case,41,word_b,16342
case,41,skipped,0
case,42,row,8
case,42,kind,3
case,42,victim_group,0
case,42,victim_ch,9
case,42,r_src,650
case,42,word_a,41
case,42,word_b,41
case,42,skipped,0
case,43,row,8
case,43,kind,3
case,43,victim_group,0
case,43,victim_ch,9
case,43,r_src,650
case,43,word_a,16361
case,43,word_b,16361
case,43,skipped,0
case,44,row,8
case,44,kind,3
case,44,victim_group,0
case,44,victim_ch,10
case,44,r_src,150
case,44,word_a,42
case,44,word_b,42
case,44,skipped,0
case,45,row,8
case,45,kind,3
case,45,victim_group,0
case,45,victim_ch,10
case,45,r_src,150
case,45,word_a,16362
case,45,word_b,16362
case,45,skipped,0
case,46,row,8
case,46,kind,3
case,46,victim_group,1
case,46,victim_ch,3
case,46,r_src,150
case,46,word_a,19
case,46,word_b,19
case,46,skipped,0
case,47,row,8
case,47,kind,3
case,47,victim_group,1
case,47,victim_ch,3
case,47,r_src,150
case,47,word_a,16339
case,47,word_b,16339
case,47,skipped,0
case,48,row,9
case,48,kind,2
case,48,victim_group,0
case,48,victim_ch,8
case,48,r_src,5150
case,48,word_a,40
case,48,word_b,40
case,48,skipped,0
case,49,row,9
case,49,kind,2
case,49,victim_group,1
case,49,victim_ch,6
case,49,r_src,5150
case,49,word_a,22
case,49,word_b,22
case,49,skipped,0
case,50,row,9
case,50,kind,2
case,50,victim_group,0
case,50,victim_ch,9
case,50,r_src,650
case,50,word_a,41
case,50,word_b,41
case,50,skipped,0
case,51,row,9
case,51,kind,2
case,51,victim_group,0
case,51,victim_ch,10
case,51,r_src,150
case,51,word_a,42
case,51,word_b,42
case,51,skipped,0
case,52,row,9
case,52,kind,2
case,52,victim_group,1
case,52,victim_ch,3
case,52,r_src,150
case,52,word_a,19
case,52,word_b,19
case,52,skipped,0
case,53,row,10
case,53,kind,0
case,53,victim_group,0
case,53,victim_ch,8
case,53,r_src,5150
case,53,word_a,40
case,53,word_b,40
case,53,skipped,0
case,54,row,10
case,54,kind,0
case,54,victim_group,1
case,54,victim_ch,6
case,54,r_src,5150
case,54,word_a,22
case,54,word_b,22
case,54,skipped,0
case,55,row,10
case,55,kind,0
case,55,victim_group,0
case,55,victim_ch,9
case,55,r_src,650
case,55,word_a,41
case,55,word_b,41
case,55,skipped,0
case,56,row,10
case,56,kind,0
case,56,victim_group,0
case,56,victim_ch,10
case,56,r_src,150
case,56,word_a,42
case,56,word_b,42
case,56,skipped,0
case,57,row,10
case,57,kind,0
case,57,victim_group,1
case,57,victim_ch,3
case,57,r_src,150
case,57,word_a,19
case,57,word_b,19
case,57,skipped,0
silent,0,settled_mean_spread,15
silent,0,widest_sample_band,883
silent,0,at_d_ns,0
silent,1,settled_mean_spread,14
silent,1,widest_sample_band,675
silent,1,at_d_ns,0
silent,2,settled_mean_spread,5
silent,2,widest_sample_band,203
silent,2,at_d_ns,3200
silent,3,settled_mean_spread,1
silent,3,widest_sample_band,59
silent,3,at_d_ns,5400
silent,4,settled_mean_spread,0
silent,4,widest_sample_band,17
silent,4,at_d_ns,5800
curve,5,settled_mean_spread,17
curve,5,widest_sample_band,876
curve,5,at_d_ns,0
curve,6,settled_mean_spread,13
curve,6,widest_sample_band,667
curve,6,at_d_ns,0
curve,7,settled_mean_spread,11
curve,7,widest_sample_band,173
curve,7,at_d_ns,7800
curve,8,settled_mean_spread,1
curve,8,widest_sample_band,96
curve,8,at_d_ns,3200
curve,9,settled_mean_spread,0
curve,9,widest_sample_band,53
curve,9,at_d_ns,10000
curve,10,settled_mean_spread,15
curve,10,widest_sample_band,882
curve,10,at_d_ns,0
curve,11,settled_mean_spread,17
curve,11,widest_sample_band,883
curve,11,at_d_ns,0
curve,12,settled_mean_spread,13
curve,12,widest_sample_band,159
curve,12,at_d_ns,10200
curve,13,settled_mean_spread,11
curve,13,widest_sample_band,189
curve,13,at_d_ns,4600
curve,14,settled_mean_spread,0
curve,14,widest_sample_band,37
curve,14,at_d_ns,1200
curve,15,settled_mean_spread,1
curve,15,widest_sample_band,84
curve,15,at_d_ns,10200
curve,16,settled_mean_spread,14
curve,16,widest_sample_band,670
curve,16,at_d_ns,0
curve,17,settled_mean_spread,15
curve,17,widest_sample_band,681
curve,17,at_d_ns,0
curve,18,settled_mean_spread,0
curve,18,widest_sample_band,40
curve,18,at_d_ns,9800
curve,19,settled_mean_spread,0
curve,19,widest_sample_band,9
curve,19,at_d_ns,11000
curve,20,settled_mean_spread,13
curve,20,widest_sample_band,680
curve,20,at_d_ns,0
curve,21,settled_mean_spread,13
curve,21,widest_sample_band,679
curve,21,at_d_ns,0
curve,22,settled_mean_spread,0
curve,22,widest_sample_band,36
curve,22,at_d_ns,1200
curve,23,settled_mean_spread,0
curve,23,widest_sample_band,50
curve,23,at_d_ns,2400
curve,28,settled_mean_spread,27
curve,28,widest_sample_band,849
curve,28,at_d_ns,0
curve,29,settled_mean_spread,17
curve,29,widest_sample_band,872
curve,29,at_d_ns,0
curve,30,settled_mean_spread,30
curve,30,widest_sample_band,671
curve,30,at_d_ns,0
curve,31,settled_mean_spread,16
curve,31,widest_sample_band,677
curve,31,at_d_ns,0
curve,32,settled_mean_spread,32
curve,32,widest_sample_band,133
curve,32,at_d_ns,3800
curve,33,settled_mean_spread,11
curve,33,widest_sample_band,164
curve,33,at_d_ns,1200
curve,34,settled_mean_spread,0
curve,34,widest_sample_band,53
curve,34,at_d_ns,6400
curve,35,settled_mean_spread,1
curve,35,widest_sample_band,58
curve,35,at_d_ns,6000
curve,36,settled_mean_spread,0
curve,36,widest_sample_band,2
curve,36,at_d_ns,1000
curve,37,settled_mean_spread,0
curve,37,widest_sample_band,35
curve,37,at_d_ns,7200
curve,48,settled_mean_spread,18
curve,48,widest_sample_band,869
curve,48,at_d_ns,0
curve,49,settled_mean_spread,14
curve,49,widest_sample_band,675
curve,49,at_d_ns,0
curve,50,settled_mean_spread,13
curve,50,widest_sample_band,115
curve,50,at_d_ns,1200
curve,51,settled_mean_spread,0
curve,51,widest_sample_band,17
curve,51,at_d_ns,8000
curve,52,settled_mean_spread,0
curve,52,widest_sample_band,4
curve,52,at_d_ns,0
silent,53,settled_mean_spread,16
silent,53,widest_sample_band,871
silent,53,at_d_ns,0
silent,54,settled_mean_spread,12
silent,54,widest_sample_band,657
silent,54,at_d_ns,0
silent,55,settled_mean_spread,5
silent,55,widest_sample_band,158
silent,55,at_d_ns,600
silent,56,settled_mean_spread,1
silent,56,widest_sample_band,45
silent,56,at_d_ns,9400
silent,57,settled_mean_spread,0
silent,57,widest_sample_band,5
silent,57,at_d_ns,6800
static,38,victim_group,0
static,38,victim_ch,8
static,38,r_src,5150
static,38,word,40
static,38,n,64
static,38,mean,32503
static,38,min,31660
static,38,max,32551
static,39,victim_group,0
static,39,victim_ch,8
static,39,r_src,5150
static,39,word,16360
static,39,n,64
static,39,mean,32503
static,39,min,31639
static,39,max,32544
static,40,victim_group,1
static,40,victim_ch,6
static,40,r_src,5150
static,40,word,22
static,40,n,64
static,40,mean,32603
static,40,min,31930
static,40,max,32628
static,41,victim_group,1
static,41,victim_ch,6
static,41,r_src,5150
static,41,word,16342
static,41,n,64
static,41,mean,32603
static,41,min,31931
static,41,max,32629
static,42,victim_group,0
static,42,victim_ch,9
static,42,r_src,650
static,42,word,41
static,42,n,64
static,42,mean,32765
static,42,min,32748
static,42,max,32784
static,43,victim_group,0
static,43,victim_ch,9
static,43,r_src,650
static,43,word,16361
static,43,n,64
static,43,mean,32766
static,43,min,32749
static,43,max,32784
static,44,victim_group,0
static,44,victim_ch,10
static,44,r_src,150
static,44,word,42
static,44,n,64
static,44,mean,0
static,44,min,0
static,44,max,7
static,45,victim_group,0
static,45,victim_ch,10
static,45,r_src,150
static,45,word,16362
static,45,n,64
static,45,mean,0
static,45,min,0
static,45,max,10
static,46,victim_group,1
static,46,victim_ch,3
static,46,r_src,150
static,46,word,19
static,46,n,64
static,46,mean,0
static,46,min,0
static,46,max,1
static,47,victim_group,1
static,47,victim_ch,3
static,47,r_src,150
static,47,word,16339
static,47,n,64
static,47,mean,0
static,47,min,0
static,47,max,1
