"Comment","Designator","Footprint","LCSC"
"10u 25V","C1,C3,C5","C_0805_2012Metric","C15850"
"100n","C2,C4,C7,C8,C9,C10,C11,C12,C13,C14,C15,C16,C17,C18,C19,C20,C21,C22,C_SD1","C_0603_1608Metric","C14663"
"22u 25V","C6","C_0805_2012Metric","C45783"
"SS14","D_N12,D_P12","D_SMA","C2480"
"1k","R1,R2,R3,R4,R5,R6,R7,R8,R9,R10,R11,R12,R13,R18,R19,R20,R21,R22,R23,R24,R25,R26,R27,R28,R29,R30,R31,R32,R33,R34,R35,R36","R_0603_1608Metric","C21190"
"10k","R14,R15,R16,R17","R_0603_1608Metric","C25804"
"74HC165","U_IN1","SOIC-16_3.9x9.9mm_P1.27mm","C5613"
"74HC4051","U_MUX0,U_MUX1,U_MUX2,U_MUX3,U_MUX4,U_MUX5,U_MUX6,U_MUX7,U_MUX8,U_MUX9","SOIC-16_3.9x9.9mm_P1.27mm","C9386"
"AMS1117-3.3","U_REG","SOT-223-3_TabPin2","C6186"
"74HC595","U_SR1,U_SR2,U_SR3,U_SR4,U_SR5","SOIC-16_3.9x9.9mm_P1.27mm","C5947"
